mode,op,size_mib,serial_mibps,parallel_mibps,speedup,threads,identical
ECB,enc,1,4.90,13.59,2.78,12,yes
ECB,dec,1,8.32,22.33,2.68,12,yes
CBC,enc,1,6.80,9.20,1.35,12,yes
CBC,dec,1,10.07,48.65,4.83,12,yes
CFB,enc,1,8.85,7.56,0.85,12,yes
CFB,dec,1,9.27,46.44,5.01,12,yes
OFB,enc,1,9.21,7.68,0.83,12,yes
CTR,enc,1,6.68,27.14,4.06,12,yes
ECB,enc,16,8.95,44.51,4.97,12,yes
ECB,dec,16,12.28,83.76,6.82,12,yes
CBC,enc,16,14.82,15.51,1.05,12,yes
CBC,dec,16,17.30,81.03,4.68,12,yes
CFB,enc,16,15.44,15.43,1.00,12,yes
CFB,dec,16,15.36,75.85,4.94,12,yes
OFB,enc,16,16.09,13.78,0.86,12,yes
CTR,enc,16,14.79,73.74,4.98,12,yes
ECB,enc,64,13.09,64.78,4.95,12,yes
ECB,dec,64,16.77,66.69,3.98,12,yes
CBC,enc,64,11.60,9.52,0.82,12,yes
CBC,dec,64,9.51,55.08,5.79,12,yes
CFB,enc,64,8.78,9.36,1.07,12,yes
CFB,dec,64,7.50,34.65,4.62,12,yes
OFB,enc,64,8.49,8.29,0.98,12,yes
CTR,enc,64,8.94,48.66,5.44,12,yes
